{"cameraMode":{"drawMode":0,"name":"Shaded","section":"Shading Mode"},"sceneLighting":true,"audioPlay":false,"sceneViewState":{"showFog":true,"showMaterialUpdate":true,"showSkybox":true,"showFlares":true,"showImageEffects":true,"showParticleSystems":true},"in2DMode":false,"pivot":{"x":-0.0028578341007232668,"y":1.4614372253417969,"z":-9.867841720581055},"rotation":{"x":-0.13309744000434876,"y":0.010699511505663395,"z":-0.0014410101575776935,"w":-0.9910537004470825},"size":10.0,"orthographic":false}